yr,sero,strainID,coord1,coord2,coord3,is_missAG
1994,1,00532/94,-4.800267080921467,-0.7957417233542167,0.6862842537207773,0
1994,1,00817/94,-4.766770147227633,-1.505621218595518,-0.10449691837611837,0
1994,1,01495/94,-4.267501131509736,-1.3341627666848603,-0.17622240229546393,0
1995,1,00229/95,-3.277052777731588,-0.01003201081680004,1.186140168437643,0
1995,1,00257/95,-3.262130098672235,-0.1745868184250063,1.3142223743779202,0
1995,1,00288/95,-3.288718085560758,0.4441176427170349,1.5013401944129796,0
1995,1,00410/95,-3.8114831550056367,0.8690398516306514,1.6942285879698886,0
1996,1,00942/96,-5.296261365996861,-1.4435584238924273,0.5384617475376545,0
1996,1,01231/96,-3.3458815593660787,-1.194835944519401,-0.1271673350273185,0
1997,1,00382/97,-3.085292980498579,-0.4587153396654354,0.1993433330340743,0
1997,1,02080/97,-4.365836745166603,-0.14952181933602676,0.3759864331468912,0
1997,1,02588/97,-4.366333758393097,-0.8280092357705107,-0.3976135110102452,0
1997,1,04772/97,-3.373787560311952,-0.3354375609007188,-0.12999825567064094,0
1998,1,00141/98,-4.396351253506005,-0.96244429267396,1.38234444800729,0
1998,1,00422/98,-3.4105736278606793,0.39876598819930126,1.1702260572502965,0
1998,1,02128/98,-2.1202688689257414,0.41615575123215937,0.674564597670814,0
1998,1,06810/98,-5.308456467788452,-1.2457534060951732,0.6444741067038235,0
1998,1,06870/98,-1.5878836152891926,0.6231322298266667,0.01705458277951043,0
1999,1,00380/99,-3.672168190260717,-0.8302796233458452,0.27751917828567846,0
1999,1,00692/99,-3.462306166263519,-0.489877967753499,-0.33269078878423164,0
1999,1,03739/99,-5.279562965113974,-1.4884125079786668,0.5610505142462617,0
2000,1,01236/00,-3.1401227158551923,0.7274066242313326,1.539528116205949,0
2000,1,01349/00,-3.607400217210399,-0.48353226980590064,0.9563957697845846,0
2000,1,02059/00,-3.5667848595014777,-0.43100437667300073,0.6803993600953043,0
2000,1,05580/00,-3.580256418643848,0.6913389948536991,1.239651761732417,0
2000,1,05899/00,-2.6562533581570698,0.3039724217537727,0.799128275796981,0
2001,1,00355/01,-2.818795979536483,-1.2552243448914815,0.9643423866450944,0
2001,1,02633/01,-3.0393345781113403,0.83336853431618,1.2790646382407125,0
2001,1,04601/01,-3.234556637011639,0.27599989329111857,0.924993894193444,0
2001,1,04774/01,-5.931227661498002,-0.6499768220310607,1.080373496546804,0
2002,1,00644/02,-2.312461903545255,-0.02720354823437514,0.44399069294495647,0
2002,1,00731/02,-2.503384357796477,0.296831566871712,0.7792543761758842,0
2002,1,01459/02,-3.15699463822785,1.151926107530754,1.207100166757334,0
2002,1,03030/02,-4.136941231599689,-1.053557830830832,1.0670561610369311,0
2003,1,02371/03,-3.5095475612036164,-1.2636228819904891,0.9865801229261354,1
2003,1,30786/03,-4.375011820517242,-0.9526005834612711,1.0223579415959492,1
2003,1,02150/03,-3.19585072600558,-1.3686554075703175,0.9463421038707376,1
2003,1,30720/03,-4.58289214925482,-0.18698846436997105,1.002683695370124,1
2003,1,30683/03,-5.079966313666699,0.13193747575788328,1.3601400868336075,1
2003,1,01203/03,-3.32360473267395,-1.150532266339868,0.8382952133620817,1
2003,1,N03-061,-3.320162794698083,-0.37836313197955995,0.9231552686064077,1
2003,1,00596/03,-2.9437340373343237,-0.4132588267270047,0.9695221944784876,1
2004,1,00068/04,-2.510268233748211,-1.2475067018489043,0.6095342656872322,0
2004,1,00088/04,-4.544543035578416,-2.3073373444371787,0.11108852985841722,0
2004,1,00477/04,-3.5908136033438183,-0.4537193336822136,1.1178793246971448,0
2004,1,00479/04,-3.73391837023753,0.19050586444781145,0.750612075796217,0
2004,1,00725/04,-3.3771998409204365,0.4209890483948949,1.329510123269743,0
2004,1,00758/04,-3.881433218262949,-1.4898041132917308,1.283149942054243,0
2004,1,00975/04,-4.73936834438444,-1.4999069193828267,0.4599127124146314,0
2004,1,01420/04,-4.228704965835395,0.9138517735468272,1.6399066771204112,0
2004,1,01604/04,-4.127243519860057,-0.8892480111148888,-0.0813385152367386,0
2005,1,00743/05,-4.759870120444707,-0.6664739134546351,0.14157781747285175,0
2005,1,00744/05,-3.223242111653542,-0.823736341557135,-0.10810046467511934,0
2005,1,01040/05,-4.254196032512308,-0.8312450682946413,0.5868994356172648,0
2006,1,00007/06,-2.8281573781402103,-0.5385913809382127,0.7210293537793344,0
2006,1,00113/06,-4.722886456132759,-0.5956139963848378,0.5403492486434334,0
2006,1,00369/06,-3.7924925467036497,-0.0033385396778117,-0.00767448824158547,0
2006,1,00371/06,-4.857821591272267,-0.7856794667797685,0.7971864301926583,0
2006,1,00411/06,-2.7355493511389657,-1.5235463264966598,0.2097396349920773,0
2006,1,00418/06,-3.2599565096619045,0.25602539314708733,1.4118840454183796,0
2006,1,00482/06,-4.0325822138818666,-0.5814758299390343,0.7796925430032552,0
2006,1,00555/06,-3.5351761939693978,-0.8617200416077909,0.8826850460351913,0
2006,1,01001/06,-3.312808002334686,-0.15393916474196043,0.7164791589680559,0
2006,1,01038/06,-2.353924869913565,-0.01898355914229082,0.816621171735234,0
2006,1,01170/06,-4.089186857759358,-0.8201086788959705,-0.0927494462276883,0
2006,1,01332/06,-3.675975391077608,-0.25994634790302473,1.2916571451859518,0
2006,1,01448/06,-4.329303101552365,-1.5127476580268986,0.8549194781702099,0
2006,1,01831/06,-3.4056748674847293,1.082232118494853,1.547197922951664,0
2006,1,01932/06,-5.43205860569256,-1.009364351749892,0.6292581064918529,0
2006,1,01934/06,-3.462261814141629,-1.9382646797153589,0.09982781272120146,0
2006,1,02050/06,-3.675295943817729,-0.04073642514667936,1.6001083999258805,0
2006,1,02193/06,-4.185471852482403,-0.7276509966921203,0.5901633518858428,0
2006,1,02340/06,-5.5147437017220104,-1.518479480771624,1.233554463301408,0
2006,1,02509/06,-4.440627769348524,-0.37226837159203446,1.2040699747885653,0
2007,1,01479/07,-4.316631989083462,0.9647673838374082,0.7508404105266183,0
2008,1,H08-315,-3.423992098152042,-0.5078296031748757,0.7995821025016236,1
2008,1,L08-522,-3.494051973076208,-0.09733779494431989,1.1582937794469683,1
2008,1,31051/08,-3.912537380292758,-0.29240718480842304,0.38600902738083487,1
2008,1,31027/08,-3.1353627725541817,-1.1926331840522253,0.5462123405136343,1
2008,1,L08-311,-3.9879019816589607,-0.6169942065999127,1.0433775104118783,1
2009,1,30718/09,-3.812181525864378,-0.8409143602518807,0.39496779990375147,1
2009,1,30541/09,-5.226675161993718,-0.5547759527776153,0.7263535397351291,1
2009,1,30520/09,-4.306440768301132,-0.8495248893996604,0.7468374135922886,1
2009,1,30374/09,-3.912537380292758,-0.29240718480842304,0.38600902738083487,1
2009,1,30333/09,-3.1353627725541817,-1.1926331840522253,0.5462123405136343,1
2009,1,L09-085,-3.9879019816589607,-0.6169942065999127,1.0433775104118783,1
2009,1,30207/09,-3.494051973076208,-0.09733779494431989,1.1582937794469683,1
2010,1,00792/10,-5.495063596701364,-0.9892813093278544,0.8593188700211049,0
2010,1,01327/10,-5.3563489149281525,-1.3061630776496205,0.7060884337237526,0
2010,1,01510/10,-3.5915898183073884,-1.5988622249939823,0.670225854206172,0
2010,1,01518/10,-5.080929245658595,-1.2839154531103454,1.0725264547797226,0
2011,1,00330/11,-5.021291718294877,-0.10018755380533843,0.8234489729784051,0
2011,1,00577/11,-5.001678961245695,-1.3737618805014626,0.980398858593854,0
2011,1,01392/11,-5.307660558873449,-1.7576090610453066,0.877687120940648,0
2011,1,01450/11,-5.609371683920319,-0.6193697059946561,1.0309517236796846,0
2012,1,00511/12,-4.625313052849756,-1.315142925850052,0.6033624714363476,0
2012,1,00777/12,-3.927418803772773,-1.5530019234830033,-0.06259617344253078,0
2012,1,00829/12,-5.3691526027117815,-0.930130700746175,0.879734170077038,0
2012,1,01133/12,-4.937721345644329,-1.160437471040449,-0.01564836950387673,0
2013,1,00090/13,-2.6813749177981627,0.4058883818020329,1.372480420863221,0
2013,1,00297/13,-4.381485648855761,-0.829237933501079,0.7585197796634761,0
2013,1,00343/13,-5.7445216747865535,-0.6508629804679081,-0.7327434009703983,0
2013,1,00485/13,-5.535674062967007,-0.7649499121364034,0.9810816497347306,0
2014,1,00444/14,-5.004934568846695,-0.8573097823635026,0.5411245558875053,0
2014,1,00485/14,-4.293653671966861,-0.16069091598125404,0.5847814486038189,0
2014,1,00554/14,-3.955697408158471,-0.8995184588946786,0.728359245487572,0
2014,1,00725/14,-5.65693385952092,0.06237531383411749,1.1429623039482235,0
1994,2,00126/94,0.997406168137296,3.944537333539821,-0.15366256612104504,0
1994,2,00327/94,1.7924499574207635,3.6452067831697734,-1.7361008211576072,0
1994,2,00523/94,1.41645605137398,3.770897142519124,-1.7794007968516958,0
1994,2,01414/94,2.2561390010778326,4.3024972073860175,-1.5080559439564734,0
1995,2,00773/95,1.5421875268750946,3.350309828769665,-0.3919866512745725,0
1995,2,00775/95,1.0288173360861277,4.205245404109016,-0.330810297207017,0
1995,2,00976/95,0.32303624459640173,4.928354547584177,-0.12233250381710728,0
1995,2,01656/95,0.8268185966058971,3.7655524995310694,-0.22314439317142457,0
1995,2,01800/95,0.6449790040648196,4.010779954405121,-1.158454117625069,0
1996,2,00024/96,0.5372244848948805,4.62647837825793,-0.5241263761055949,0
1996,2,01163/96,1.3623164612877106,3.7677538695804857,-1.75304299373846,0
1996,2,01175/96,-0.21082199473288,1.6359776370373906,-0.7190307786007265,0
1996,2,01309/96,1.049027563422221,2.57223237231496,-0.9120218318378356,0
1996,2,02561/96,2.3991745913970703,3.677110439193537,-1.4443414181782892,0
1997,2,05107/97,0.02207505320409878,2.544357734112861,-0.6820292365747413,0
1998,2,00309/98,0.597506234786895,4.304186306573025,-0.20344348482038951,0
1998,2,00441/98,0.9941080029396095,3.0622240754067445,-0.07136175298933037,0
1998,2,00554/98,0.452588832429255,3.914080741147624,0.2738896109743549,0
1998,2,01718/98,0.2400980619888669,3.112943235199797,-0.2331424854476888,0
1998,2,04648/98,-0.5187914646789068,4.295502481429874,0.4956443967496432,0
1998,2,06160/98,2.504854729550318,4.320646770206653,-0.9569946698411966,0
1998,2,06895/98,0.225352680735402,3.916224942543871,0.648178361876909,0
1999,2,04177/99,1.680527066449233,3.59189897557168,-1.6305947866724542,0
2000,2,00342/00,0.01098161991556772,4.116759571932617,0.09519309839023092,0
2000,2,01695/00,1.1090617487866816,3.4765039978197567,-0.940544744500419,0
2000,2,01754/00,-0.02128470970157559,4.318746309642373,-0.00698713916468586,0
2000,2,05512/00,-0.6629480777179556,4.346405024223658,0.13886650275078954,0
2000,2,05529/00,0.11155129039727717,4.792698067026371,0.23296322102312775,0
2000,2,05855/00,-0.8723585431974391,5.395897775534942,0.5745456642271519,0
2000,2,06013/00,0.34852963938169546,4.087089491787911,0.1196391670334448,0
2001,2,02860/01,1.0643489423248471,2.2504606983641113,-0.3228336396125629,0
2001,2,02900/01,0.4382007477856386,3.9600327639353674,-0.1949520100955539,0
2001,2,03244/01,0.6456205727054747,5.7799654784026115,-0.03793812734469167,0
2001,2,03693/01,-0.5810279199448428,4.575245856224406,0.30170264917903994,0
2001,2,06096/01,-0.3534240515745673,2.1975888897371014,0.00333029705844805,0
2002,2,00060/02,-0.7247956053019523,3.9991174813857535,0.00908851458192167,0
2002,2,01050/02,0.7982453457395698,4.529043316764664,-0.245464759968168,0
2002,2,02678/02,0.5247067270245029,4.978481953795264,0.0921692900986279,0
2002,2,02934/02,-0.5229330289065521,5.10584702511817,0.4284114181618474,0
2003,2,01082/03,0.5076911434221576,1.66558779698474,-1.4305561756709368,0
2004,2,00159/04,1.7376505176130186,3.931479585610448,-0.4738689070214076,0
2004,2,00248/04,-0.10098123218853368,2.360672606368216,-0.5215145598608196,0
2004,2,00560/04,0.6770953428299236,3.238863324201359,-0.7942047549236396,0
2004,2,00617/04,-0.9318023246457448,5.4376190635528285,0.2609604948016539,0
2004,2,01224/04,0.8541296806303543,2.453150169437888,-0.7539037287771403,0
2004,2,01462/04,1.198542573303358,2.798955523927606,-0.2782000396224567,0
2004,2,01646/04,0.1837571246943135,2.397729307477661,0.29639800943573497,0
2004,2,01666/04,0.09727441725264815,3.768541032674923,-0.05544820505857014,0
2005,2,01495/05,-0.5245949515078819,4.754995744459878,-0.1519137130892998,0
2005,2,01574/05,2.2167721854460787,4.218290079171242,-1.3194631170428472,0
2005,2,00036/06,0.9142746072303478,3.413560706078026,-0.15848945772700931,0
2006,2,00127/06,-1.143877035400339,4.2321232440064325,2.4642998437869688,0
2006,2,00444/06,-0.3672538748409782,4.825602638259636,0.1269593073408537,0
2006,2,00525/06,0.6308390675585378,3.267391829216554,-0.06439872765323776,0
2006,2,00586/06,-0.5952786239146571,3.329506579456977,0.602454726405277,0
2006,2,00697/06,-0.5583740108222749,4.399075273973885,0.18539835010657243,0
2006,2,02337/06,-0.4370056186301192,5.8546474996043,0.15123848959776742,0
2007,2,00408/07,0.0884623013187836,3.4634282702801347,-0.7016631208533063,0
2007,2,00496/07,-0.31487518156995387,1.8736324393618184,-0.6336488280705469,0
2007,2,00511/07,-0.21373313374621955,5.685615556579698,0.38069059534790095,0
2007,2,02039/07,0.8928369607066352,2.772930504618099,-0.9191832475804956,0
2007,2,02071/07,-0.2679639463133896,4.819524465862374,0.6769122957489754,0
2008,2,"NA",0.4033169999633436,3.2829998289819353,-0.525495010907815,1
2008,2,"NA",-0.3092827803006872,5.231067387645177,0.32820904689746044,1
2008,2,"NA",1.1460001787139698,2.9556981217880027,-0.84978443983768015,1
2008,2,"NA",0.017754109159064946,4.3926651431964,0.07946219475093931,1
2009,2,30149/09,0.05507328271778239,4.478722757553641,0.07199661842192456,1
2009,2,30155/09,0.4906496310127094,3.118179387449117,-0.810423184216901,1
2009,2,30182/09,1.0586675476646041,3.120518563320821,-0.5648562665285942,1
2009,2,30249/09,0.09691672446420929,4.561019664410427,0.04341988097226483,1
2009,2,30395/09,-0.7904413270152291,5.043385371805366,1.307769166692368,1
2010,2,00791/10,-0.2604573279727294,4.9699467779198745,0.30524454645180477,0
2010,2,01066/10,0.477400440276543,4.131842876847644,0.01703392950299543,0
2010,2,01363/10,1.4864960277706702,2.973645297425088,-1.0653138054039506,0
2010,2,01549/10,2.0510579618296547,3.672179937289697,-1.7010369463080115,0
2011,2,00220/11,1.0875800545936662,3.4156493506611207,-0.7010770763431653,0
2011,2,00322/11,1.1383955387958864,3.877947471833157,-1.5557715669115395,0
2011,2,00556/11,-0.06988223355084991,2.9168356304352088,-0.6525303192160825,0
2011,2,01220/11,1.420124397220201,3.23836488668549,-1.032429194432186,0
2012,2,00144/12,1.5823692604060704,2.09510029051885,-0.4538067018989293,0
2012,2,00258/12,0.9975288551673936,3.672233003057584,-0.4461026496047573,0
2012,2,01090/12,0.3469921703156499,5.3044338885743985,0.6470942622909622,0
2012,2,01113/12,3.293242212797956,3.1916158627968865,-2.2228484319362014,0
2013,2,00058/13,1.7619562216730489,4.142329972576675,-0.9621324313584736,0
2013,2,00280/13,0.5314544729244687,3.913651123548838,-0.06113817629523808,0
2013,2,00662/13,0.12421531053209772,3.7089922648931126,-0.6630073321959112,0
2013,2,00696/13,0.36471287656557866,4.62817670009455,0.0633932764808372,0
2013,2,00016/14,0.4063847736712563,3.885866705684275,-0.2535501247259843,0
2014,2,00740/14,0.8332109195573513,4.302766190636743,-0.00190187764711119,0
1994,3,00128/94,2.0392774385832486,-2.4458299634927223,2.7193102239441083,0
1994,3,00255/94,1.9880218886132468,-0.6385123982672491,1.5995627413539877,0
1994,3,00831/94,1.2139811978987134,-0.4343573693315667,1.3625584734872866,0
1994,3,01311/94,1.4160175930470067,-0.7592667097006979,1.8877060572334805,0
1995,3,00247/95,2.727774178152689,-1.1729198413310782,1.85332759074472,0
1995,3,00631/95,1.415061818441872,-0.38161693847056616,1.095952423020541,0
1995,3,00780/95,3.3131072195777724,-1.137206252497187,2.2999933480178307,0
1995,3,01296/95,0.8349287708145492,-1.5576490885871148,2.0110474483873015,0
1995,3,01658/95,-0.02268817763991553,0.7445913160779591,3.521683181402425,0
1996,3,00833/96,0.6713464451804887,-0.15433874156366173,1.6648414189155232,0
1996,3,01528/96,1.0223630547738782,-0.9153803537111732,2.123101923963614,0
1996,3,01720/96,1.0910449079153597,-0.5895263221153246,1.526207444321619,0
1996,3,01941/96,1.3392836668747763,-0.402862028767628,1.895279034649602,0
1997,3,03080/97,0.7874443507329114,-0.16638986994761762,1.7628364944092156,0
1998,3,00317/98,1.1021835053672897,-1.7852075248381472,1.2480410056673712,0
1998,3,00596/98,1.2615264583409058,-1.750972794292193,2.4346953591038676,0
1998,3,02434/98,-0.11309538797375993,-0.7611821059210686,2.11510173084805,0
1998,3,02551/98,1.7501661811231048,-0.8115284486783614,1.8889691774461437,0
1998,3,04187/98,1.0692872804573816,-0.9376301888047432,1.4730168954013716,0
1998,3,04331/98,2.3895316826946673,-0.33280278324076534,1.8946212219674476,0
1998,3,04946/98,1.465199952976168,-1.2640677107976548,1.5628434330644905,0
1998,3,06070/98,1.4555024512368446,-1.625446873188129,2.308439480028488,0
1999,3,00165/99,0.862522884674404,0.06660874731050337,1.525088868097241,1
1999,3,00342/99,1.312907692431422,-1.6408042327197032,1.5011863824439375,1
1999,3,30050/99,0.33717448137957573,-0.4637859879343431,1.9389691126286328,1
1999,3,01187/99,0.9176156011501269,-1.812406150320079,2.0010839069355977,1
1999,3,01982/99,1.2009640431083752,-0.44807077731812167,1.853175620461693,1
1999,3,30105/99,0.3723874930034546,-0.09370831357790099,1.8332026027519341,1
1999,3,02902/99,1.1382181473604538,-0.546992444580917,2.004861476407749,1
1999,3,30331/99,0.5742155351835729,-1.256077450106631,2.274898544975959,1
1999,3,03567/99,1.0425099184791158,-1.3778062941286215,2.1748231710611634,1
1999,3,03767/99,1.93128292412214,-1.6148031273261105,2.286796477360426,1
1999,3,03818/99,1.0596984161607874,-0.5886036577634632,1.9929994168798428,1
1999,3,072.1,0.47114949297525577,-1.2762135964552364,1.9469442304498754,1
1999,3,04557/99,0.9088841967518597,-0.3007030910374283,2.239951195324596,1
1999,3,109.1,1.1584604161325887,-1.7711089406407985,2.106741044577784,1
1999,3,05364/99,0.3574805413893495,0.33174391290081234,2.0804258536124607,1
1999,3,05951/99,0.9214193623285915,-0.9788174784685109,1.770811612230458,1
1999,3,06060/99,1.2327556275849314,-1.2253132297786868,1.889358215361448,1
2000,3,02029/00,1.5704210109385728,-1.4903633784500026,1.223586034836175,0
2000,3,02080/00,-0.00615900422059732,-1.8638512364019149,3.112710358823467,0
2000,3,02242/00,2.6010393899033746,-1.478633460360028,2.1388975956169847,0
2000,3,05443/00,0.24734738256514657,0.8889571963751459,3.2563163558130177,0
2000,3,05499/00,1.1097888967401566,-2.0019687463569222,2.004994999380612,0
2000,3,05815/00,2.091178841178829,-0.8917613518553281,1.2369359832988602,0
2000,3,06135/00,0.8578703739806691,0.5737654787652666,1.551303474655818,0
2001,3,00152/01,1.0553943739242715,-1.791245086989404,1.7787867300517004,0
2001,3,00929/01,2.3885855488343894,-0.8615854583288378,2.223372761184563,0
2001,3,00984/01,0.7798368283759821,-1.833567213650754,2.2233810838194947,0
2001,3,03291/01,-0.07248326795421248,0.8298776957492423,2.398015212815706,0
2001,3,04045/01,0.9455317663254492,-1.5473717946827923,2.0088724502152457,0
2001,3,04945/01,1.4662693275471803,-1.3104009580815483,1.7553145563212482,0
2001,3,05611/01,0.9376014186158964,0.29960736456862436,1.287341241785266,0
2001,3,06503/01,2.51502347419051,-0.1349594487151747,1.5912495100753354,0
2002,3,00059/02,2.395392892155011,-0.5509800478132555,1.350257603310596,0
2002,3,00104/02,2.269542514223922,-1.3263771703862854,2.2290093162009175,0
2002,3,00145/02,2.5920321773364026,-0.844354793356152,1.647676129818914,0
2002,3,00501/02,0.6828482430754508,0.3605662294076208,1.5560773561038646,0
2002,3,00536/02,0.6425766905531614,0.14404535473101607,1.415748594834041,0
2002,3,00767/02,1.3850281808985774,-2.4676337864336504,2.6476558574809563,0
2002,3,02173/02,-0.05237263129963371,-1.4172794273067029,2.864418957974549,0
2002,3,03135/02,0.31854247940007663,-0.6721650489864032,2.116336768179979,0
2003,3,01619/03,1.4265988066821145,0.089314142463243415,1.7018183644881504,0
2003,3,02208/03,0.8779226400532331,0.09427918728743812,1.1354065448867572,0
2004,3,00441/04,0.783859929336718,0.17446223432385538,1.46663122772522,0
2004,3,00602/04,0.9510368315579876,-0.4578083048944518,1.5727861464999235,0
2004,3,00991/04,0.980005270186766,-1.8309665390707568,2.0491826798209805,0
2004,3,01144/04,0.6162347477273236,-1.531848326922164,2.8489910753974854,0
2004,3,01184/04,1.100439176812446,-2.318697492802777,1.9577930972502064,0
2004,3,01393/04,-0.07492630874063641,0.4449091131413349,1.0553394300925576,0
2005,3,00806/05,1.6550964949078169,-0.25309025398952006,1.83927194100956,0
2005,3,01491/05,1.5398652001079711,-0.16177825822434694,1.322181976372479,0
2006,3,00018/06,-0.03598768345359945,1.2701174259521089,2.2161249824781364,0
2006,3,00588/06,1.7480151740327636,-2.0048188450642632,2.503226302874319,0
2006,3,01067/06,1.412776019978046,-2.220939945837216,2.032827581438323,0
2006,3,01128/06,1.4494960496806455,-1.976937490606117,2.5580237620172572,0
2006,3,01373/06,1.0398778644812836,-1.515137651279072,1.6298157734354308,0
2006,3,01375/06,3.115850693359603,-2.379620377838293,2.416143461932061,0
2006,3,02042/06,2.649148857734943,-1.029618175407811,1.8923469775887307,0
2006,3,02121/06,-0.9640955627356164,1.8300084200562292,2.7737909496508135,0
2006,3,02341/06,1.3873364798892802,-0.3618517462894485,1.8346957638250272,0
2006,3,02485/06,1.136061684122926,-1.7346020445172414,2.1577942450012055,0
2006,3,02678/06,2.2248216065243582,-1.551675170334418,1.8196920648475925,0
2006,3,02784/06,1.825861320530812,-2.720296232402863,2.522926048191256,0
2007,3,006.1,1.8299766171045766,-2.5488210566957807,1.7655101127326152,1
2007,3,266.1,1.986418390278561,-1.7782470076993406,2.1614591838609556,1
2008,3,01398/08,2.2471772142311073,-2.876702167554346,1.498192644026907,0
2009,3,00702/09,1.9667910071383607,-0.33989929042643874,1.7669444059693449,0
2009,3,01231/09,-0.08833585479105326,1.524144217781712,3.193615543354252,0
2010,3,00075/10,0.5499136060507848,-1.4236353080295818,2.243884964159671,0
2010,3,01385/10,3.0545358818779835,-2.031707071080289,2.6378683209772635,0
2010,3,01575/10,-0.841337036242635,-3.227838127930691,-1.8485561808354096,0
2010,3,01601/10,3.078232046111918,-0.2439641315147782,2.790462318475938,0
2011,3,00209/11,0.8787708336983339,-0.804528875653623,1.3231564779724765,0
2011,3,00323/11,3.168216222225165,-2.7028085338860017,1.985861897769262,0
2011,3,01035/11,3.937255634765754,-2.1893167002094156,2.659091258082141,0
2011,3,01278/11,2.9028543778055305,-1.230593910266006,2.244050981641078,0
2012,3,00608/12,3.4731781301724887,-2.355702209740565,2.4351998867298414,0
2012,3,00817/12,2.800755936066086,-0.1272930469544611,1.9243367719605573,0
2012,3,01094/12,3.2592240588410184,-2.5046220702602255,2.1175018139172517,0
2012,3,01106/12,1.5991613194301373,-2.6676880606543163,2.7814865271659905,0
2013,3,00065/13,0.7992339127572241,-2.775175900050434,2.283086285596836,0
2013,3,00693/13,3.500747311250572,-2.409859849929572,2.254928797164079,0
2013,3,00695/13,3.4811423244640545,-2.614232668399513,1.9070464007170604,0
2013,3,00910/13,3.095789322756754,-2.2295866544929757,2.460512282109547,0
2014,3,00146/14,2.552570354984579,-1.8241699739019388,2.2791029952197985,0
2014,3,00560/14,2.9054459019985357,-1.0783726203409432,2.1994987236134027,0
2014,3,00654/14,2.7828253321126755,-1.4804596881830965,3.3988748036989564,0
2014,3,00739/14,3.357377239801658,-2.035165867032195,2.7903148412340077,0
1994,4,00329/94,1.5896029931065525,-2.111112826019892,-1.7396694459367446,0
1994,4,00615/94,1.3334069915275777,-1.708417040587798,-1.5073761764589122,0
1995,4,00036/95,2.1327943645376224,-3.1357803888218316,-2.4488963691891725,0
1995,4,00241/95,1.2414065308959472,-0.4303431213194536,-0.5107930937352767,0
1995,4,00425/95,1.1454813791536134,-2.527940358592106,-1.9241522362282688,0
1995,4,00458/95,1.3493392295084974,-1.1141193304334678,-1.0475903841035823,0
1995,4,01569/95,0.97582747119493,-1.6869189180559083,-1.3800486991181875,0
1996,4,01129/96,1.4602030870159812,-2.081597930351248,-1.8767721240477504,0
1996,4,01626/96,1.3776748866402628,-2.5263213738458163,-1.076949662390435,0
1997,4,00049/97,1.1187166186302508,-1.8297532324013157,-1.21125645469958,0
1997,4,02739/97,0.5252387147449477,-1.8692907335186415,-1.067738303660061,0
1998,4,04634/98,2.055030871702702,-2.023365218331876,-1.3290463743623628,0
1998,4,04786/98,1.0757908463233108,-0.949205604079588,-0.7911807761102916,0
1998,4,06181/98,1.1848743601249332,-1.713522351353617,-1.2897650924262785,0
1998,4,06523/98,0.5636259833435595,-0.49429386740491593,-0.5150339449548419,0
1998,4,06564/98,1.2673066063457232,-0.721703716699643,-1.341364233246355,0
1999,4,04390/99,2.4539792460825485,-1.9676631589965643,-1.686339971618762,0
1999,4,05538/99,1.1989267289390908,-3.605918145891089,-2.2454884372421877,0
2000,4,02021/00,2.907779963141087,-3.571050565108767,-2.644090283334734,0
2000,4,02143/00,1.1843207349419762,-1.830346547556649,-1.7891004803933694,0
2000,4,05496/00,0.6090601851380136,-1.8301170178243271,-1.200064863518345,0
2000,4,05997/00,1.0641916545867536,-0.6037651165666519,-1.2606317927105704,0
2001,4,00103/01,0.8181095940738471,-1.1467541003551396,-0.899140200050649,0
2001,4,00886/01,2.202010443150797,-1.742032520682536,-1.6017890861657498,0
2001,4,04094/01,1.4362567710964516,-3.1443912682696986,-2.157181045753825,0
2001,4,04134/01,1.0571630017621791,-2.7662842017904135,-2.254973715890859,0
2001,4,05386/01,2.7783071425536696,-2.746245814384092,-1.5147471719287546,0
2001,4,06019/01,0.9131115367731932,-0.7277563816091421,-1.453798397409605,0
2001,4,06949/01,0.7453312561568864,-1.0976184901221029,-1.130791886028164,0
2002,4,01222/02,2.9394296166589062,-2.6027615543451805,-1.8335784512597673,0
2002,4,03060/02,1.6429800688287408,-2.015737193815061,-1.4577111086655368,0
2002,4,03096/02,1.2538696351377434,-1.1162548834044033,-1.504756756691746,0
2002,4,03113/02,1.1288294668629322,-0.9768518110744276,-1.4363299770305349,0
2002,4,03169/02,0.17914976738667512,-0.05199219492280815,-0.519270688410332,0
2003,4,02207/03,1.5250117934764993,-2.786779448921299,-1.9335818227905792,0
2003,4,02377/03,0.6183132360089716,-1.3265091929978374,-1.0818512655503216,0
2004,4,00217/04,0.7223588048741766,-0.22779512611979888,-0.9542758860919186,0
2004,4,00624/04,0.6270648520118275,-0.9936493174829236,-0.8457735170195718,0
2004,4,00965/04,1.0067759837022323,-0.4833443768484401,-1.096795128716615,0
2004,4,01315/04,0.5297152904555096,-0.03722774927060712,-0.7824758446974713,0
2004,4,01369/04,1.2830399484310673,-1.3794682211350913,-1.337781441291988,0
2004,4,01544/04,1.4259380892178175,-2.2884943284666437,-2.18878820013018,0
2005,4,00201/05,0.9767157835612026,-1.1391887921962414,-1.312314929723399,0
2006,4,00047/06,-0.06027077542008623,-0.16414607754733432,-0.7214439785087574,0
2006,4,00189/06,0.6412833467147704,0.4979047343859212,-1.1258376940664816,0
2006,4,00356/06,1.9681372458313264,-2.3632702429635923,-1.7317060569314813,0
2006,4,00533/06,0.271070513802777,-0.2299208071381615,-0.6666608685191374,0
2006,4,00578/06,1.3782211006878848,-1.2602071211620087,-1.2361122796985131,0
2006,4,00617/06,0.8320147065070829,-1.0112724722606377,-1.1475739181178883,0
2006,4,01881/06,2.6788827342859753,-2.3353444001693893,-2.0264389071256823,0
2006,4,02190/06,1.4156594153292026,-0.5368496462032419,-1.1818071292161465,0
2006,4,02540/06,2.545798682507197,-0.9027639691368216,-1.4199802342977113,0
2007,4,00119/07,1.3068989283697472,-1.81154280852602,-1.0486788885822764,0
2007,4,00504/07,2.067213468859488,-2.0810562346331163,-1.9868632639696775,0
2007,4,00694/07,1.51907658006331,-1.104227878076178,-1.6344484481120445,0
2007,4,01101/07,2.161996889604054,-2.1199978776921253,-1.809190431938061,0
2007,4,01118/07,0.8800223861111333,-1.375219884196306,-0.9787134366770208,0
2007,4,01391/07,1.445938194948741,-1.124165350144551,-1.0372244780522983,0
2007,4,01840/07,1.4129083779919165,-2.2909149796233357,-1.8112583892296223,0
2007,4,01991/07,1.3563166452306417,-2.4725767159044585,-1.612642984831563,0
2007,4,01993/07,0.13904167119546623,0.09581274181819135,-0.8981778925032284,0
2007,4,02392/07,0.43302644620714514,-2.5224897376637005,-1.6609275706312128,0
2008,4,00274/08,0.5375579067448003,-1.727813174187662,-1.246317232039268,0
2008,4,00471/08,2.1519538316173548,-2.3895932698183047,-1.566192729929664,0
2008,4,01380/08,1.3352059149391702,-1.3960133686693312,-1.6398856032160047,0
2008,4,01387/08,0.4814867244711286,-0.6401993303373147,-0.9938150763903008,0
2008,4,02023/08,0.9396401364868576,-2.2486889908433043,-1.634797508627784,0
2009,4,00781/09,0.3001884355144718,-1.5303001947957109,-0.7214856691683048,0
2009,4,01432/09,1.6672693049020746,-2.208690462809729,-1.9493071879749408,0
2009,4,01559/09,1.2344435600524035,-3.5117996187330367,-2.6066341708679768,0
2010,4,00249/10,1.8102655958834113,-2.204841459102765,-2.48079659659975,0
2010,4,00283/10,1.4719180604560247,-2.8017141750275845,-2.106795982357361,0
2010,4,00780/10,0.506170188074318,-3.407010716930575,-1.65334732025848,0
2010,4,01270/10,1.787588898772822,-3.221285635472033,-1.6084281418905912,0
2010,4,01513/10,-0.0146322721578066,-2.6271246511091935,-1.7719516194181333,0
2010,4,01677/10,2.313090288833912,-2.907131513872097,-2.3049437649083555,0
2011,4,00251/11,1.445247908958943,-3.3602879962106327,-2.225990930513089,0
2011,4,00257/11,1.458124571103118,-3.792063777522395,-2.1091809005237443,0
2011,4,00369/11,1.040732071653539,-2.0409973190301254,-1.0834212954851163,0
2011,4,00477/11,1.592972523518196,-2.7163181706282105,-0.9339796796707072,0
2012,4,00112/12,1.8534658449607788,-2.1314639778451068,-1.8106638518803435,0
2012,4,00637/12,1.241155217645994,-3.2036153374831633,-2.2477459243456392,0
2012,4,01104/12,1.765149212890747,-1.9817428647473352,-1.7464897803766115,0
2013,4,00300/13,1.8357271054259672,-2.491383825399495,-2.1600885395373837,0
2013,4,00691/13,1.1595831910882373,-3.386061415054103,-2.33645113143294,0
2013,4,00801/13,1.465319145849131,-1.7221263126482709,-1.190023780958391,0
2013,4,01012/13,1.9879248488604544,-3.3861515855098943,-1.7635142161144604,0
2014,4,00214/14,1.1920003586636685,-3.5550635669370485,-2.4717259700135266,0
2014,4,00555/14,1.0517676005148406,-1.998460850853793,-1.6698827076528229,0
2014,4,00595/14,2.085316212026367,-2.6128970399281983,-1.0874954774060384,0
2014,4,00615/14,1.8888145057781232,-1.3128570197415277,-1.2393782192501503,0
